"","LHX6","APLN","AC022211.2","LINP1","label"
"1393e42f-316e-4c19-bf89-cad57614234b.rna_seq.augmented_star_gene_counts.counts",9.82106584402725,11.7237256222061,9.67814166177901,8.54041251547744,"CHOL"
"3d6663aa-cf98-48ea-9c49-fa72a203948c.rna_seq.augmented_star_gene_counts.counts",9.03974272025565,12.2313720208894,10.2750136036036,11.1096551079897,"CHOL"
"63fee05f-ac6b-452e-8a1f-129ca537c459.rna_seq.augmented_star_gene_counts.counts",6.83494648089577,8.62089859175329,7.13931450438054,8.56106586524908,"Healthy"
"913eff0d-52b9-4e73-9351-970393b2f523.rna_seq.augmented_star_gene_counts.counts",10.1388747154416,11.7549793583091,9.00359371686415,8.64407287445309,"CHOL"
"b40381eb-a628-47b6-8dee-db804ff8ccbe.rna_seq.augmented_star_gene_counts.counts",10.1267528197062,12.0421811121462,10.2064358657166,8.21885863149346,"CHOL"
"669cf209-2438-4a7e-b35c-f670dcd36461.rna_seq.augmented_star_gene_counts.counts",9.97317496696005,12.0488466206191,10.0867018561401,8.45215891247327,"CHOL"
"c4443c76-7525-4e2b-b779-c4c829ac52d1.rna_seq.augmented_star_gene_counts.counts",7.27457531696734,10.3207286893526,10.3058325630262,9.34256479494548,"Healthy"
"5cdc9399-ad97-41dd-b543-2c51173a507f.rna_seq.augmented_star_gene_counts.counts",9.95390454986317,11.6036537741049,9.98885164142843,9.27409096728356,"CHOL"
"b0756daa-b806-41af-91f3-6436de0f9219.rna_seq.augmented_star_gene_counts.counts",9.88772052016491,12.253105397313,10.5410087869026,8.29768635096203,"CHOL"
"d94cd170-9dff-4b44-a7a8-6d1c277b0f8b.rna_seq.augmented_star_gene_counts.counts",9.3096451080417,11.3395360580322,10.0112035339663,7.12744326559555,"CHOL"
"15bba0a0-40d6-421e-af69-89835fc53cc4.rna_seq.augmented_star_gene_counts.counts",10.0670969976821,11.9055668336136,9.28129387628682,6.87009703296224,"CHOL"
"be87079d-9aba-406d-881b-c09077e837db.rna_seq.augmented_star_gene_counts.counts",9.98252100193286,12.3657870966003,9.30332252041467,9.51634663631337,"CHOL"
"73ca8bc8-2829-4752-a21c-abea19d5155e.rna_seq.augmented_star_gene_counts.counts",9.91622611167764,11.995302918608,9.08483196273555,8.18830323149401,"CHOL"
"ddeb9d85-4c73-4605-9125-07d68f329ce3.rna_seq.augmented_star_gene_counts.counts",9.66656848069662,12.0848447140199,9.83791069781784,7.66327282381469,"CHOL"
"2f736328-bdce-40df-a2aa-54502196ace0.rna_seq.augmented_star_gene_counts.counts",7.70085776728663,11.8884263675649,9.01467782136834,8.09209944207461,"Healthy"
"72fffe3e-d4fb-4862-ba01-e91289ed94ef.rna_seq.augmented_star_gene_counts.counts",10.1326762779695,13.2190936571107,12.7739129748753,8.34335703330973,"CHOL"
"b575a230-b1ee-40b0-934a-64d73e3ca0af.rna_seq.augmented_star_gene_counts.counts",9.80849157675947,12.7119523022433,10.5421248803195,5.75374975681289,"LIHC"
"bb4346c2-8149-4a5f-ae47-e6615bd61df2.rna_seq.augmented_star_gene_counts.counts",8.01189102763844,9.77752036642458,7.29963057076293,8.1180015020595,"Healthy"
"f9c05849-4905-4ded-82ff-0f83be46b772.rna_seq.augmented_star_gene_counts.counts",9.78387969939631,13.9944676867693,11.6000716337105,7.02270552592998,"LIHC"
"e615e629-be8c-4dce-a004-160e9d69b2db.rna_seq.augmented_star_gene_counts.counts",9.28894446700071,12.6183623352439,9.60063105240665,5.7548376796004,"LIHC"
"af719f6c-4e97-4679-ab86-84aa810c7052.rna_seq.augmented_star_gene_counts.counts",9.8644126027779,11.6906914960958,10.9682837048554,6.45808842469737,"LIHC"
"65518e95-98ee-4567-a9cb-e2ef4e9ad5ff.rna_seq.augmented_star_gene_counts.counts",9.56018166066468,12.2571403129875,10.3646656084225,5.51139259267696,"LIHC"
"983ba5fa-d524-4ce9-af32-f4e4270b043b.rna_seq.augmented_star_gene_counts.counts",9.3239345789891,12.9363834274276,10.2907402561515,5.65450187035003,"LIHC"
"8a6fcf82-a349-4f74-9969-65a056fe9577.rna_seq.augmented_star_gene_counts.counts",9.22402695113836,12.2142829431431,12.1270013077378,6.01645967957782,"LIHC"
"fe42792f-4116-4e5f-8db3-678b74cfd263.rna_seq.augmented_star_gene_counts.counts",9.23701810289457,12.0794188384614,9.68524085784041,6.56471534827231,"LIHC"
"664b7261-91fd-4b1e-b7c9-bc95a15a0f14.rna_seq.augmented_star_gene_counts.counts",9.68712889877125,12.6787075089296,10.6109559142556,6.53705113548098,"LIHC"
"70b45a47-52ad-40a1-97db-ef145353922e.rna_seq.augmented_star_gene_counts.counts",9.08423124604477,12.1083919554303,10.1556604559079,5.99898988303012,"LIHC"
"6452215d-e0ae-482f-8f32-963e7017bec0.rna_seq.augmented_star_gene_counts.counts",9.85278520105926,12.4269278710468,11.2230405801629,5.72800830733305,"LIHC"
"7df90db3-232d-4e82-b960-7dcee63635bd.rna_seq.augmented_star_gene_counts.counts",9.51537561509312,12.4763302181555,10.5452137752708,6.21925796331753,"LIHC"
"302fb528-5824-4e20-8cc3-1001aac9bd4b.rna_seq.augmented_star_gene_counts.counts",9.14488632103172,11.6922821290756,10.7224804841631,6.00927086708467,"LIHC"
"37abfb3b-d7e9-463f-853b-1d76966bf928.rna_seq.augmented_star_gene_counts.counts",7.34718349982865,11.518019003982,9.86051535028044,6.09537253500478,"LIHC"
"b89c4049-eeac-4f22-a9b6-18ffd9f07132.rna_seq.augmented_star_gene_counts.counts",9.38476795119934,12.2553188334242,9.29125082053413,6.41582311093406,"LIHC"
"0ac55bd1-ee36-4795-b9d9-4a07495e5a46.rna_seq.augmented_star_gene_counts.counts",9.35873615332256,12.5470067410957,10.9376868651362,5.98522273858383,"LIHC"
"39546419-4ab2-4d0f-b620-eb18c4583853.rna_seq.augmented_star_gene_counts.counts",9.34443308531469,12.6268804404111,9.22944074103199,7.01593269757785,"LIHC"
"3f6cc934-a895-4155-9257-7b09d36ac917.rna_seq.augmented_star_gene_counts.counts",10.34997157051,12.9775921903404,11.3061112405569,7.15946336938246,"LIHC"
"c0b92413-c9f7-4a67-9ca7-cb065ac9c407.rna_seq.augmented_star_gene_counts.counts",6.59848251045757,8.6042528619924,8.31380186217923,8.57391683512133,"Healthy"
"01a67ac4-91db-4a3d-9137-fe2240acc861.rna_seq.augmented_star_gene_counts.counts",9.86254976277942,12.201430786233,10.8792362110472,5.31397154620776,"LIHC"
"bc96f6df-c22f-459a-a712-be9df674b3f0.rna_seq.augmented_star_gene_counts.counts",8.62612032405212,12.1043603294752,11.5621903088572,5.81093523443416,"LIHC"
"706dad3a-fff4-49dd-b4ca-12a411d8726f.rna_seq.augmented_star_gene_counts.counts",9.24832525976932,13.004614027915,9.88155264575211,6.2322500258715,"LIHC"
"97563695-6be6-442a-8a91-18a203eda794.rna_seq.augmented_star_gene_counts.counts",8.84784534367999,12.3237913492934,9.81233024849873,6.71048925387714,"LIHC"
"71966926-f43b-4420-ae73-ec20cfd4e832.rna_seq.augmented_star_gene_counts.counts",9.46408582138297,12.6934200185944,10.5856151309603,7.42353670886984,"LIHC"
"9ea1ae11-2d1e-4d55-bbc6-c6f136041c6d.rna_seq.augmented_star_gene_counts.counts",10.2352694819562,12.7351719624823,9.81490945254836,6.01192120413823,"LIHC"
"57911cee-e2cf-4039-995b-aeb54883b4ba.rna_seq.augmented_star_gene_counts.counts",9.74417833332108,13.0221664862044,10.5504926984813,5.03595232976165,"LIHC"
"dfc8986d-1ec3-4c77-926e-d71cc217ffcd.rna_seq.augmented_star_gene_counts.counts",9.90543753712242,12.8822377938686,10.985099849456,5.3712157205523,"LIHC"
"be8ac5cf-54d6-4c73-8ab9-fc3b7f7e93e6.rna_seq.augmented_star_gene_counts.counts",9.61255324571089,12.4517897620031,11.1469363152108,6.73844305680681,"LIHC"
"96aa5d94-f2d7-4173-8477-ccbfaa3451b5.rna_seq.augmented_star_gene_counts.counts",9.80200606094899,12.3964087983059,10.3384865201845,7.14524890210235,"LIHC"
"50cae4c7-fef8-40fa-a3ed-d14a34eb6103.rna_seq.augmented_star_gene_counts.counts",9.70997555153527,12.4270659103828,10.2260447457363,6.48898518975393,"LIHC"
"65d83cea-ef9b-4148-88c5-c09192289e83.rna_seq.augmented_star_gene_counts.counts",9.25485292592499,12.3182094325072,10.9786829649893,5.2896100232666,"LIHC"
"b479840d-e285-405d-ab96-c8d8aa46992d.rna_seq.augmented_star_gene_counts.counts",9.35476212170446,11.7104917707881,10.2352745023781,5.62897177166144,"LIHC"
"cf9a78e4-5487-4366-94b6-4b85dfef5e4d.rna_seq.augmented_star_gene_counts.counts",9.79773002921308,12.6039264090579,10.7931730125913,5.82461013152602,"LIHC"
"ae0d8ed3-e789-4ef8-b0c2-58e8ad7a3962.rna_seq.augmented_star_gene_counts.counts",9.31472740395124,11.7660658125132,10.6330175227657,5.59013400981194,"LIHC"
"18b4b563-e011-4e0d-a8e3-838af24f6c3a.rna_seq.augmented_star_gene_counts.counts",9.14834064395179,12.5836426338128,9.96797946689716,5.11426787249647,"LIHC"
"4a4dd56e-7eeb-48ec-88e6-e75a5ea633fa.rna_seq.augmented_star_gene_counts.counts",9.44685108357067,12.4883709852008,11.074095433001,6.98474368112878,"LIHC"
"7e02abeb-88a6-4d15-8d27-7f7d05d22fee.rna_seq.augmented_star_gene_counts.counts",10.3411147146547,12.7114667862034,11.5438814201436,5.46187386768823,"LIHC"
"7a61270d-2a79-4a57-bdb5-217d5db07b79.rna_seq.augmented_star_gene_counts.counts",9.27567695287766,12.3355387281948,10.1562173506406,6.56627695760225,"LIHC"
"4e58c985-012a-4846-97f6-80dac0cae0b4.rna_seq.augmented_star_gene_counts.counts",9.7625022297738,12.711702758189,10.1901612135265,5.63471578852057,"LIHC"
"eb81efb0-22be-40ad-93a7-1379c09169fb.rna_seq.augmented_star_gene_counts.counts",8.69462028413734,11.8348853342119,10.1292358210251,5.72273515428104,"LIHC"
"c7bf2ffe-055a-4658-9a6a-c2f2e6ddc7df.rna_seq.augmented_star_gene_counts.counts",10.2066389207239,12.6563205690176,10.5179656533874,6.17407829459982,"LIHC"
"cd36b4d0-5a38-4ce0-abcc-d8272968bf5c.rna_seq.augmented_star_gene_counts.counts",9.38921014548193,10.4095625843237,9.35386612096811,7.14249903970117,"Healthy"
"2f38ebf5-ca42-498c-ae0a-b775db4d7bfa.rna_seq.augmented_star_gene_counts.counts",9.29211542940034,12.1597178242556,11.4370076836934,5.75213463807594,"LIHC"
"a9ec76be-2ef4-4b95-9ab8-0b47fd793b0e.rna_seq.augmented_star_gene_counts.counts",9.03411245162994,12.7270247548691,10.1727190303542,4.38393719815473,"LIHC"
"9d164d74-ec27-4cef-81b0-0580550e96af.rna_seq.augmented_star_gene_counts.counts",9.69301395618423,12.8141889022917,11.2408239434769,5.78605588903836,"LIHC"
"8f7a6ea3-dbbe-4b88-bb00-718a9ce7411d.rna_seq.augmented_star_gene_counts.counts",8.42854460643361,10.7896657346008,7.02981778229203,7.94575087074518,"Healthy"
"cdd3341f-b11c-4b79-b1bc-fd0bc958983a.rna_seq.augmented_star_gene_counts.counts",9.46835418072988,11.799694273849,10.9892323059434,6.62060523490893,"LIHC"
"6c8ba378-3d51-46a8-ac10-41652da21459.rna_seq.augmented_star_gene_counts.counts",8.98034792802971,10.9555847519426,10.3301171165494,5.57298641623425,"LIHC"
"4fd965ea-f490-456a-83fc-38cf9be8f44e.rna_seq.augmented_star_gene_counts.counts",9.22034159677355,11.9744003347477,10.1029595321528,6.28182642846693,"LIHC"
"8e595756-ee6b-4fd9-9844-6001ea97fa2e.rna_seq.augmented_star_gene_counts.counts",8.73637363747547,10.2972546734831,6.9188179612041,8.53852570369357,"Healthy"
"1cb99a58-aee1-4c4c-a9e2-fd8c084fe073.rna_seq.augmented_star_gene_counts.counts",9.44373669793537,12.0705710566031,9.80793872036796,4.88010096002266,"LIHC"
"fc962f33-2c10-44e8-8eff-c5375c02c151.rna_seq.augmented_star_gene_counts.counts",9.60794792045303,13.2197370814078,11.0242983337156,5.0748291490879,"LIHC"
"56ceda32-7646-463b-a014-aba6a9987b3c.rna_seq.augmented_star_gene_counts.counts",9.97780242103536,12.6428084714311,11.7829933369362,6.60860109250953,"LIHC"
"7f4dfecb-1ab7-411c-80cb-4613251b75a7.rna_seq.augmented_star_gene_counts.counts",9.65613541290727,12.3354329172704,12.1449322240291,6.33430728582859,"LIHC"
"c282bf87-bf6a-448b-96a0-817ac7f7fee8.rna_seq.augmented_star_gene_counts.counts",10.0658305598495,11.9634722748876,11.1077153820448,5.76237018509312,"LIHC"
"11795d2c-eeb4-4d71-ba35-0ceac205bd18.rna_seq.augmented_star_gene_counts.counts",9.44692226049987,12.4475005565818,10.0118152004401,5.97331752270186,"LIHC"
"9f5f7f86-89e6-4a9c-a5a5-32c46c5e2baf.rna_seq.augmented_star_gene_counts.counts",9.24921474336253,12.3021731669367,11.0006395188874,6.64805471169102,"LIHC"
"1f6d7667-b1ed-4577-9005-a6ffb9a4f547.rna_seq.augmented_star_gene_counts.counts",9.22906928029625,12.2912452382563,10.5171406935832,6.08128953833702,"LIHC"
"8eb5e0dc-91e9-49bb-bd4d-432774f656fa.rna_seq.augmented_star_gene_counts.counts",9.46325306818852,12.3238247708932,11.0133945632268,6.12849491131066,"LIHC"
"65bd5f28-4822-454d-9f6d-ce9b06ca9261.rna_seq.augmented_star_gene_counts.counts",9.78667857840352,12.5960706532001,10.6804494184398,5.65474352057537,"LIHC"
"87b041d0-77c6-44ac-9e45-fe16e71455a5.rna_seq.augmented_star_gene_counts.counts",8.72214074921229,11.6611909846768,9.92374233981673,5.57273767315259,"LIHC"
"7c4769e7-7e2b-48b7-a68d-775d2b76b105.rna_seq.augmented_star_gene_counts.counts",9.91875153832171,12.7224926950248,11.7544302129218,6.13917973574265,"LIHC"
"103f757b-a61e-4346-87a4-b4b290dd99f3.rna_seq.augmented_star_gene_counts.counts",9.23060159850177,12.3294307954035,11.1992148477689,6.64381457727205,"LIHC"
"c843bc23-4341-4136-bc1e-fe4177eb3540.rna_seq.augmented_star_gene_counts.counts",9.6137821597819,13.7745447763515,9.50507974964668,5.36589882079857,"LIHC"
"93bbdfef-3d7a-490f-9747-2fd5b01391b8.rna_seq.augmented_star_gene_counts.counts",9.22126690892705,11.7118300548744,10.1702675777178,6.50763995609887,"LIHC"
"a4bcd2df-1155-4528-86bc-232b0349c1a0.rna_seq.augmented_star_gene_counts.counts",9.29374379141785,12.2229079199346,9.73743224993588,5.99843977511625,"LIHC"
"9262c029-3b86-4582-82a1-ace640871d9c.rna_seq.augmented_star_gene_counts.counts",9.72347251447223,12.8812227563694,10.3899542970411,6.20767134592706,"LIHC"
"19dc74d9-a307-4991-8723-a570de15858d.rna_seq.augmented_star_gene_counts.counts",9.74274554529098,12.4978369960456,10.2431346604555,6.12173595464997,"LIHC"
"11b4abc6-0ab9-4c6a-bb4f-3282111cce13.rna_seq.augmented_star_gene_counts.counts",9.11472260917992,11.0673015888463,10.9158349728679,6.54481921193973,"LIHC"
"ef3f524a-1496-408d-a9f0-cdf029be4830.rna_seq.augmented_star_gene_counts.counts",9.19808714632661,12.5637215308871,10.5614235585995,6.04613416898212,"LIHC"
"23a791d2-b0fd-4c72-b3e8-ab3ecfb3c4b8.rna_seq.augmented_star_gene_counts.counts",6.12923204637132,9.3974607492348,10.4765074630826,6.43667168341897,"Healthy"
"59cd3041-57d2-4d59-9614-34a6341aa152.rna_seq.augmented_star_gene_counts.counts",9.69653588450758,12.8793926387466,12.0042466799241,5.69408140833299,"LIHC"
"6b8fc8fd-e32d-43fa-8f8c-fa0b38ce9b69.rna_seq.augmented_star_gene_counts.counts",8.19233646684818,9.12952487192672,8.10167547188978,8.23872605471656,"Healthy"
"b119d1ea-21b8-408c-b2be-c8d68de6101c.rna_seq.augmented_star_gene_counts.counts",9.62887938080029,12.2507183564366,10.3802994842633,6.23319989820983,"LIHC"
"8d5cc9f7-561a-465e-a170-fa9cd5cbb911.rna_seq.augmented_star_gene_counts.counts",9.07341529828412,12.4018655101583,10.122658102996,5.02622069506247,"LIHC"
"76ac10f3-0299-4c25-b241-812f90a7d1d6.rna_seq.augmented_star_gene_counts.counts",9.7201606743369,12.4972945279995,10.927076354411,5.63565153630705,"LIHC"
"bda1aaaa-f62f-4156-ab54-5f850720f2a3.rna_seq.augmented_star_gene_counts.counts",9.73171890118834,12.2085598808578,10.8943047382768,7.1194605649887,"LIHC"
"14e80841-cfb9-42fb-9cae-db9f282ba4fd.rna_seq.augmented_star_gene_counts.counts",9.70150109791558,12.5652779674936,11.4437695751492,6.00374548195789,"LIHC"
"25cb96a0-40d9-4d91-b997-efa79962f6e2.rna_seq.augmented_star_gene_counts.counts",9.85233246140713,11.985752502869,10.0750007581067,6.30060828409861,"LIHC"
"ac2bfe26-5c96-4f44-9502-1c703b918913.rna_seq.augmented_star_gene_counts.counts",9.5075742376543,12.3258949086241,10.4746780380977,6.62296800752517,"LIHC"
"b039b593-e5d0-47e2-b292-9a6ef4cb8af8.rna_seq.augmented_star_gene_counts.counts",9.27456439314739,12.6684587974636,10.2808897360354,5.62535711663209,"LIHC"
"ad4c870b-968c-4cd7-8270-cf2cd0ef94ee.rna_seq.augmented_star_gene_counts.counts",9.5917928505836,12.462934477985,10.1134320816023,5.77747746347451,"LIHC"
"a7d51d09-db64-418f-a44f-574d3fbe3501.rna_seq.augmented_star_gene_counts.counts",10.1320378842355,12.6158753565739,9.4993078891816,6.2171880393805,"LIHC"
"819f5d2c-3340-48d7-913c-b3c96f4c331e.rna_seq.augmented_star_gene_counts.counts",9.75026522666351,12.6561040901239,10.5152847308691,7.82497289739004,"LIHC"
"4c34db2e-e3cd-46d9-85ac-4277a1f036f1.rna_seq.augmented_star_gene_counts.counts",9.72753604838425,11.8045325568508,10.7141113559308,5.79592430959436,"LIHC"
"c54543f5-6a3a-4ec6-bf6e-9d423ddf54f9.rna_seq.augmented_star_gene_counts.counts",9.12202802560647,12.7953429911185,9.44986752261039,5.08411015240218,"LIHC"
"f7b0a537-4bfc-4cb1-9c5c-f3dd917405d5.rna_seq.augmented_star_gene_counts.counts",9.44431788002887,12.1905810548243,10.7684155217579,5.96850643602367,"LIHC"
"15c9c88d-1489-48e5-857a-6feb6dbe29b4.rna_seq.augmented_star_gene_counts.counts",10.0577821233007,12.4218843592778,12.3527721980995,6.61628687753056,"LIHC"
"ae0c04e0-d029-4432-bcd9-96c3c5d5dcd3.rna_seq.augmented_star_gene_counts.counts",9.63861602241887,12.2485926196735,10.1596050347701,6.11712988868906,"LIHC"
"d530e057-63d5-455a-9b98-620f6dcd9f89.rna_seq.augmented_star_gene_counts.counts",8.71874168273689,12.8293658797722,11.5176434444419,6.07765546445569,"LIHC"
"becb1650-22ac-45d9-982f-57c391343933.rna_seq.augmented_star_gene_counts.counts",9.65951532223999,12.4441937799183,10.4617518592401,6.04264219218881,"LIHC"
"7c3fd6c4-1ae1-45a4-9819-b0b702baa6ac.rna_seq.augmented_star_gene_counts.counts",9.52837053395258,12.4217993132952,10.9345428286682,6.39144414074972,"LIHC"
"a922a7b1-be19-490b-80aa-09b1f867a4fd.rna_seq.augmented_star_gene_counts.counts",8.33917193515689,9.12100089518438,8.2714092536777,7.9048508917459,"Healthy"
"ebf5bac8-5ed4-474c-bda0-efc21b4b805d.rna_seq.augmented_star_gene_counts.counts",8.98384522768468,12.4235597349239,8.83759772469732,5.57707962964264,"LIHC"
"b78a3a1f-984e-417b-861c-e3de9b548bbd.rna_seq.augmented_star_gene_counts.counts",9.27792121010531,12.3909730175133,11.4526894660823,6.18004078373768,"LIHC"
"927fbb8a-acc0-4f3a-9d58-20650e187554.rna_seq.augmented_star_gene_counts.counts",9.15190016523691,12.4532791806546,10.7201355749848,5.45777039861633,"LIHC"
"c4885dd1-1f37-48d2-b6c2-f6ac660c511e.rna_seq.augmented_star_gene_counts.counts",9.99491521478334,12.7944889799578,10.6464556220367,6.81058242376458,"LIHC"
"6db82dae-7d24-472c-9558-08291f9b96bb.rna_seq.augmented_star_gene_counts.counts",8.82297455915779,12.8985105489868,11.5785267213398,6.02141259109228,"LIHC"
"b8dc06dd-4d60-4c28-94df-e62b6044201c.rna_seq.augmented_star_gene_counts.counts",10.8094722711477,12.2323914314428,9.39229429929503,5.81394330281003,"LIHC"
"32b682ec-8156-44ca-bff0-26155c7fdc12.rna_seq.augmented_star_gene_counts.counts",9.21460169637883,12.4774262403336,10.4860892688362,5.36913908073384,"LIHC"
"9f62f80d-72e6-41b6-aa23-91dc21b6fc5c.rna_seq.augmented_star_gene_counts.counts",9.65278149876924,12.4735970181498,10.6551531081844,5.50508938186431,"LIHC"
"9a31bdaa-e08a-46ca-be6c-9856f876474a.rna_seq.augmented_star_gene_counts.counts",9.5637540264672,12.8706153766057,9.4064053148349,6.02785355366802,"LIHC"
"5957c3ef-b6e7-4b4d-b8cf-d04f85b4160b.rna_seq.augmented_star_gene_counts.counts",9.37672139038214,12.3534134068082,11.971987474388,5.7622334493991,"LIHC"
"4a47d2f4-1b4e-4c95-a58b-81e5bc954160.rna_seq.augmented_star_gene_counts.counts",9.66064911342078,13.1738331064164,10.9125341738307,6.01994122627972,"LIHC"
"c74b62ad-52f4-4488-8628-ffc88df5d1bf.rna_seq.augmented_star_gene_counts.counts",7.02380704833811,8.0604161401297,8.30247022770248,8.0167582778224,"Healthy"
"56c5a8d3-e600-4564-858f-72defc9fc138.rna_seq.augmented_star_gene_counts.counts",9.50568290741622,12.4388785927386,10.5028366908373,5.83135284165599,"LIHC"
"63e01cb1-aae8-466c-8c89-cc26f3ed3492.rna_seq.augmented_star_gene_counts.counts",10.0800382900802,12.7289418011931,9.84169141940123,6.30792862528262,"LIHC"
"a54e96d5-9666-4e09-8687-7d3a26a81b33.rna_seq.augmented_star_gene_counts.counts",8.80845308220538,11.6338869199312,11.0686972411418,5.01773814356072,"LIHC"
"44a940fc-2b05-4010-80c0-68bf08b39be6.rna_seq.augmented_star_gene_counts.counts",7.12420955269559,9.09377027410654,8.13931699539055,9.16194360625646,"Healthy"
"6d0497fb-e6ce-48d7-81a3-f8f40e31744b.rna_seq.augmented_star_gene_counts.counts",8.89550413489108,12.3451999004052,11.1498957617658,7.08505074621742,"LIHC"
"45b13a4b-cff9-49ea-a800-0b337cc1e512.rna_seq.augmented_star_gene_counts.counts",9.5785430273798,12.0736667485499,10.8325108919069,5.41765904050918,"LIHC"
"1106e478-61a7-423e-8489-cb7e940aa897.rna_seq.augmented_star_gene_counts.counts",9.82290559189745,12.1486885829803,10.3029844744928,6.30057805705209,"LIHC"
"c31d4620-b0a9-472b-bc29-2f2b3c30a035.rna_seq.augmented_star_gene_counts.counts",9.39967585698042,12.5499185988831,11.7414672482262,5.87082439090372,"LIHC"
"4378234d-05a9-4d4f-97fc-916698728a4f.rna_seq.augmented_star_gene_counts.counts",10.2625952167387,12.0098048606701,10.7468748726173,6.90012983694586,"LIHC"
"32e9669c-0c2c-47a5-b53b-c833c776607d.rna_seq.augmented_star_gene_counts.counts",9.68171504683771,12.6035047836127,10.9328232793606,6.58881268929917,"LIHC"
"1523dcd5-18e0-464b-a443-eaa98da5f9aa.rna_seq.augmented_star_gene_counts.counts",9.6497987595285,12.7382771874914,11.134082532746,6.06042777351734,"LIHC"
"7b5d9241-4c32-4957-bfb5-d9bc4f711ee6.rna_seq.augmented_star_gene_counts.counts",9.27541502901078,12.9528189482926,10.8903532073337,6.36666050590205,"LIHC"
"64c42fa6-9a40-4007-a0c1-c71dd67f402a.rna_seq.augmented_star_gene_counts.counts",9.29781798769806,12.0338633245584,10.1553441126125,6.22880835050746,"LIHC"
"192fbc82-959c-469b-ba83-0dd7af188265.rna_seq.augmented_star_gene_counts.counts",9.25571084227707,12.2441369677812,10.2302128159505,6.69078388816393,"LIHC"
"cfa0d88b-5da4-41be-b3df-7b567a6fef9c.rna_seq.augmented_star_gene_counts.counts",9.79095530311328,13.8883807333432,10.6561557667481,5.24648144237479,"LIHC"
"d85ea3ad-ab38-453d-b382-06cea6bc9e1b.rna_seq.augmented_star_gene_counts.counts",9.98550504828296,12.8249823470748,9.77936754628954,6.26338773164345,"LIHC"
"6916d291-a782-4469-8a66-e9454cc3752f.rna_seq.augmented_star_gene_counts.counts",9.63618925110238,11.1909844245215,10.6389476245667,5.40003571606555,"LIHC"
"6317d700-9096-4ae7-9b13-40c9b64bf319.rna_seq.augmented_star_gene_counts.counts",7.37603244748522,9.49293404626104,8.50397471588353,8.99793036718837,"Healthy"
"e880e928-7728-4184-af70-d4790dbeb3e9.rna_seq.augmented_star_gene_counts.counts",9.21198101704021,12.5658410325389,10.5657632387805,4.92721103008018,"LIHC"
"1068220f-b2b3-4bd9-b120-83ca7697d2f5.rna_seq.augmented_star_gene_counts.counts",9.06716402058212,12.4633528351679,11.0232359060376,5.8803265593311,"LIHC"
"301b745d-b48e-4639-926f-1f9b6d42dc8e.rna_seq.augmented_star_gene_counts.counts",9.81699386301236,12.372322139495,9.84132049754542,4.51572764746201,"LIHC"
"ccd1e964-a15c-4e87-9837-9c14f94d0e37.rna_seq.augmented_star_gene_counts.counts",9.78853561326817,12.4844598839356,10.0297124424982,6.73169102952558,"LIHC"
"eb4729c2-5a8e-454a-92ba-edb13d2f0773.rna_seq.augmented_star_gene_counts.counts",9.29129359965771,13.4894360518371,10.5494963373731,5.56813447905569,"LIHC"
"2070f2a7-db7f-4070-8997-5c56140c41ae.rna_seq.augmented_star_gene_counts.counts",8.60455274270617,9.54416489267947,7.47112016124726,8.43697613798991,"Healthy"
"a580b9de-6718-427e-88b4-612c04876d1e.rna_seq.augmented_star_gene_counts.counts",9.59340290751289,12.4445450247956,10.172460801045,5.22695493376727,"LIHC"
"f47c6ff3-b50c-4f10-9e83-fae95f86dfce.rna_seq.augmented_star_gene_counts.counts",10.0072091573097,11.1029302683163,9.66791561878809,6.26678667976765,"LIHC"
"b8347a97-a39f-4ade-8740-ef405eae9955.rna_seq.augmented_star_gene_counts.counts",10.0429150458598,13.3759347312043,10.0278088296397,5.86973388074389,"LIHC"
"3b21a0fe-8a3b-4473-8bd1-523ab630dc71.rna_seq.augmented_star_gene_counts.counts",7.27282828405285,8.1607418251006,6.81204946783116,7.04500905960065,"Healthy"
"e312bd4b-0a13-4998-8f0b-cb55ab6072b9.rna_seq.augmented_star_gene_counts.counts",9.64804265780463,12.3752725167366,10.1957536805514,6.28551538971012,"LIHC"
"458a31ae-18bf-4ffd-8f5c-d647a6e4adf3.rna_seq.augmented_star_gene_counts.counts",8.79362165438773,9.27363739612267,8.72674606328995,8.90734248158667,"Healthy"
"e6a2ee0a-fc09-4f09-a78e-c9d1916720cc.rna_seq.augmented_star_gene_counts.counts",9.7305175678536,11.7749660251512,10.1184588747146,5.80958080296653,"LIHC"
"4bc57c95-5c4e-4aad-a05a-ab5fafd76a1d.rna_seq.augmented_star_gene_counts.counts",10.3445685230886,13.408480753296,11.7588458711332,7.09211646823301,"LIHC"
"58ee401f-87ef-47b1-97ae-797b5d6bd753.rna_seq.augmented_star_gene_counts.counts",8.16942482062864,9.91957908971514,7.18063515998823,7.75783258806172,"Healthy"
"18d41dea-6ae2-4030-ac51-66ff54189bab.rna_seq.augmented_star_gene_counts.counts",8.24454195455668,11.8210089388122,9.26348878126159,7.28513960661552,"LIHC"
"240642e8-0f62-406f-bc13-9b3e49e0c510.rna_seq.augmented_star_gene_counts.counts",10.0138074957346,12.0621696417116,10.3368117932167,5.96569855356633,"LIHC"
"45ea416c-9172-4eda-9d87-b9e17148d2d4.rna_seq.augmented_star_gene_counts.counts",8.0757588450481,9.83272913609201,8.67170756540146,8.43151735663448,"Healthy"
"c6947e47-2ada-4c8d-830c-e6dbcb66769a.rna_seq.augmented_star_gene_counts.counts",9.05040921145755,11.4108748816035,11.1420494540791,5.4770786641514,"LIHC"
"a1e4d6cb-c195-4ed4-8f75-083c257333a4.rna_seq.augmented_star_gene_counts.counts",10.1490901231908,12.4437912379519,10.1100943454912,6.46832121714449,"LIHC"
"f96109b6-750e-48d4-800f-a90649830f59.rna_seq.augmented_star_gene_counts.counts",8.95820890975938,12.4502818945278,11.2115927871529,6.05891183171265,"LIHC"
"88e1d720-f964-40b6-acff-d95bda7b538d.rna_seq.augmented_star_gene_counts.counts",9.42798178531142,13.1345191799047,11.1060080040097,6.85135810495326,"LIHC"
"3ed45813-2a31-43ca-944e-e671af9f9b91.rna_seq.augmented_star_gene_counts.counts",9.27959444553361,12.1374573710439,10.5877153435624,5.40682725967197,"LIHC"
"059e7de0-52e6-409b-a511-c3f641da63e3.rna_seq.augmented_star_gene_counts.counts",8.16056465837965,10.4944952670217,6.8650484349012,6.64591009282361,"Healthy"
"e576f331-424e-43f0-af27-20e07d91c826.rna_seq.augmented_star_gene_counts.counts",10.1824491844469,12.7327686293399,12.3581269136387,5.51428032680496,"LIHC"
"14fc153e-3cb3-4d3f-8259-b73a436f3d0b.rna_seq.augmented_star_gene_counts.counts",7.11862611585601,9.529966694123,8.42825050517226,8.22909733121547,"Healthy"
"d11ccf39-543b-4da6-a9ac-d49d9afe2054.rna_seq.augmented_star_gene_counts.counts",6.6365070083597,9.45455697951765,8.18355582676573,8.3600378716274,"Healthy"
"c83b9b6b-401b-4999-b075-3eaac28b0957.rna_seq.augmented_star_gene_counts.counts",9.3475974462365,11.6562093091441,10.3743048217321,5.81067232854987,"LIHC"
"fe3fb552-6716-4741-b851-9bb6cd358940.rna_seq.augmented_star_gene_counts.counts",9.54446976025392,12.3581087952403,10.290555077474,6.3468076448626,"LIHC"
"d9c7fcac-4608-4952-8678-71e82b96b29c.rna_seq.augmented_star_gene_counts.counts",8.97871156019525,12.312554017349,12.3074528079418,6.42177627349534,"LIHC"
"a1eaf5b1-6c7f-47bf-8a51-6bc24129aa7f.rna_seq.augmented_star_gene_counts.counts",9.89991692352597,12.7432996473581,10.7231001515227,6.03198964132349,"LIHC"
"98062285-0c29-46a3-b955-2df64d7692ee.rna_seq.augmented_star_gene_counts.counts",9.22203080381709,13.2055399926969,11.7019390198114,6.36797134898133,"LIHC"
"cd360b3a-1369-4a13-a13b-5adf4a5e66bf.rna_seq.augmented_star_gene_counts.counts",9.33200896165363,12.7344593514704,10.7053052254896,6.30086997022198,"LIHC"
"8b7f2fa6-a31b-41f7-9493-872d2a80814d.rna_seq.augmented_star_gene_counts.counts",9.17534539147098,12.2022673591718,11.1227986620108,5.72339727207644,"LIHC"
"906f244d-0d66-48c1-a646-2ad71d777696.rna_seq.augmented_star_gene_counts.counts",9.18759928856399,11.4845205600829,10.0304412617518,5.74266046820709,"LIHC"
"fb9a54e6-a889-48cb-b758-f6b76d76aa7b.rna_seq.augmented_star_gene_counts.counts",10.2020962064229,12.7372504587527,11.0008170655276,5.81237596628897,"LIHC"
"765304e7-ec35-4aef-a646-8f264044cf23.rna_seq.augmented_star_gene_counts.counts",9.14076297188329,11.8238415254535,10.1167030591326,6.00508697466793,"LIHC"
"6cfb8fb8-3064-467f-ad32-4c7ffb30afaa.rna_seq.augmented_star_gene_counts.counts",9.45414379482455,12.6751944370077,10.6812212239995,6.0402479646328,"LIHC"
"e2288704-0fb1-41cc-82f8-b73e41ebb576.rna_seq.augmented_star_gene_counts.counts",9.42376295287214,12.0619272775252,10.7798422214439,6.20058790129669,"LIHC"
"a7fe211e-d6ca-48d3-80dc-06848c934aa7.rna_seq.augmented_star_gene_counts.counts",9.5122367340849,12.1754665896286,11.3128969571722,6.28924223272204,"LIHC"
"d817d1df-e655-4741-9f29-066f02345dfa.rna_seq.augmented_star_gene_counts.counts",9.83103315913761,12.8768521668542,10.333034468631,6.06549073570914,"LIHC"
"5e4721e4-6883-4f2a-8a70-b87a2cee68f1.rna_seq.augmented_star_gene_counts.counts",9.33857911082297,12.8065563970867,10.4688594591763,5.88967277180102,"LIHC"
"4586df36-efce-4c32-8788-6789935fdcc5.rna_seq.augmented_star_gene_counts.counts",9.71736376101117,12.1616935555391,10.8538265295402,6.15230826667109,"LIHC"
"ac057bd8-d7b3-49db-822d-6f07768f842c.rna_seq.augmented_star_gene_counts.counts",9.87090615686781,12.9794688104456,11.6635185269991,5.06159447574819,"LIHC"
"4fd3d968-f8ba-445e-93c9-b87c79c66222.rna_seq.augmented_star_gene_counts.counts",9.57780494124563,12.1144659656201,10.665824221396,5.79811162934856,"LIHC"
"8f7fc4d6-30f6-4361-94f3-48ef923cc9ec.rna_seq.augmented_star_gene_counts.counts",9.53617985633839,12.4716932724746,10.7596515181947,6.02425897372895,"LIHC"
"d55e7a4a-5576-4da3-a37b-b28390ae0393.rna_seq.augmented_star_gene_counts.counts",9.88853328852054,12.7013056553008,9.92577263838815,6.76010220237178,"LIHC"
"767f0df2-87ec-42d7-a644-f0b955be14e5.rna_seq.augmented_star_gene_counts.counts",9.53964771238594,12.2353993741009,10.1790188719592,6.50099231590565,"LIHC"
"ea02af31-a02a-457a-acca-6003c8584b2d.rna_seq.augmented_star_gene_counts.counts",9.63979279067595,12.5276987023837,10.5563714966317,5.79928217450401,"LIHC"
"4b5b50cd-2bcf-4c8a-b5d7-09adeef205fd.rna_seq.augmented_star_gene_counts.counts",9.3962100485256,12.5522657581745,9.90713946378935,6.03176639654362,"LIHC"
"311d89d5-9845-4d61-a801-8e0990be5d24.rna_seq.augmented_star_gene_counts.counts",8.68440585234535,12.6877967517752,10.9929326911602,5.90633650578338,"LIHC"
"3ab4bb66-d6cd-4df8-9e0b-c3ce0c06c0e7.rna_seq.augmented_star_gene_counts.counts",9.84413809969269,12.6875740658711,10.6515947958924,5.75702045337117,"LIHC"
"b952371d-4fcd-4df6-8aca-af126cb09e3e.rna_seq.augmented_star_gene_counts.counts",9.76655636478521,12.4213357546254,10.1857712737062,6.11808247172226,"LIHC"
"cdcb92f3-ff27-4b55-bef0-8cc1d3cea1dd.rna_seq.augmented_star_gene_counts.counts",9.01888215007564,12.1484503585152,11.378875681731,6.0763995653985,"LIHC"
"eee7d179-f3bd-4752-a745-28bf812e572e.rna_seq.augmented_star_gene_counts.counts",9.42227634628192,13.1071186478741,11.2260081224632,5.88515428600845,"LIHC"
"2b192082-2d70-40aa-9268-5d3d6a3af6eb.rna_seq.augmented_star_gene_counts.counts",7.90107569534712,10.0968947311143,7.03243195590936,7.70930475609748,"Healthy"
"9f4b7d5e-9bad-4148-95b8-b78564c0cae6.rna_seq.augmented_star_gene_counts.counts",9.77848890072419,12.3888536618449,10.791067671875,5.73022788036052,"LIHC"
"33e24624-f59a-4d50-b12b-28136db9f57d.rna_seq.augmented_star_gene_counts.counts",9.221779969053,12.8550756783233,9.6822964288214,6.9705155248129,"LIHC"
"eade4cc1-86ca-4a1c-a87b-cfdd76d9a060.rna_seq.augmented_star_gene_counts.counts",10.3052559982158,12.4450514208124,10.772155018957,7.1820264131155,"LIHC"
"3bfa7140-ed14-41bf-aa12-5eac3535885a.rna_seq.augmented_star_gene_counts.counts",10.0866183769284,12.1681117585367,11.2077117496978,6.8356665369293,"LIHC"
"62f40b9a-32de-4432-b15e-32c82be5ee8b.rna_seq.augmented_star_gene_counts.counts",9.60525952254042,12.8587187155825,10.9558407838751,7.46664456797839,"LIHC"
"533c5b0b-6eda-46c5-9cf0-8c6decb728c9.rna_seq.augmented_star_gene_counts.counts",9.79512240740857,12.0474281635487,10.7855690480739,6.2583828468104,"LIHC"
"10022cea-224a-420b-b85b-c5dae3fd90c4.rna_seq.augmented_star_gene_counts.counts",9.58585952715139,12.2092180004699,9.85495876870885,5.88293121125896,"LIHC"
"cd97f9a6-61e9-4c29-86f4-929481216b94.rna_seq.augmented_star_gene_counts.counts",9.68803759398958,11.7461757617323,10.4729103714958,4.91068434787874,"LIHC"
"7e0e5876-f19b-4c72-b06f-bb6d6bc01d67.rna_seq.augmented_star_gene_counts.counts",9.73659629031059,11.5510379551125,9.93837408481165,5.95890310243397,"LIHC"
"fc47ffc6-4a8e-446e-91d9-e983362c6dfe.rna_seq.augmented_star_gene_counts.counts",9.57998367428581,12.1719237552549,12.4113094408896,7.28068774280818,"LIHC"
"6671e092-52aa-4fff-b052-21bfe69a1658.rna_seq.augmented_star_gene_counts.counts",9.81184703884544,12.5449823827399,10.7824511337528,6.86067881544465,"LIHC"
"4b0c5f90-5ce7-4f70-b5ef-6bd77ed04534.rna_seq.augmented_star_gene_counts.counts",9.8511735779521,13.3119729646666,11.4574869090416,5.34028601666243,"LIHC"
"df0a6cb8-24c8-4e68-9458-2b76d9f13ee0.rna_seq.augmented_star_gene_counts.counts",9.16476715388673,12.1642405403617,10.6577152137311,6.45266093347938,"LIHC"
"2bcba179-bae2-493f-8a0e-120461c327f7.rna_seq.augmented_star_gene_counts.counts",9.49301246478142,12.3904369947272,10.3117274032317,5.24786316045165,"LIHC"
"91bac874-6ad2-4946-9c3f-0ed733975fcf.rna_seq.augmented_star_gene_counts.counts",7.10590885531008,9.79748479980337,7.68559055363749,8.04452787868005,"Healthy"
"8f9e712f-e4e8-44b2-96be-fa87b630428c.rna_seq.augmented_star_gene_counts.counts",8.91548859966145,12.0949600261037,10.0084687132593,5.65047000172826,"LIHC"
"427c0560-88ff-45a9-98a7-9d7cf3354138.rna_seq.augmented_star_gene_counts.counts",10.3513511302708,12.3428593052553,10.8440070950757,5.87579769310474,"LIHC"
"056653c5-a60b-424e-ab30-b16246283da3.rna_seq.augmented_star_gene_counts.counts",9.06080786960711,12.1539124000608,10.4166724183745,5.81261833779461,"LIHC"
"2047f29d-1d05-4124-b53c-0eba9c81871c.rna_seq.augmented_star_gene_counts.counts",10.3189094658615,12.2147061968007,12.7118879684298,5.93840487166663,"LIHC"
"dffd181a-c6f1-49e0-b23d-d91065a0171a.rna_seq.augmented_star_gene_counts.counts",9.53571366287557,12.6211036544136,10.4763667276086,6.35247647388803,"LIHC"
"aba8d491-1d65-421a-8d13-b3d0a16dff43.rna_seq.augmented_star_gene_counts.counts",9.39666992182486,12.3001423663451,10.1422231975336,4.12591939216198,"LIHC"
"04bd19d1-c3b4-446a-bf70-bbdd4a251690.rna_seq.augmented_star_gene_counts.counts",9.43797246936628,12.408029988302,10.8639525742383,5.88798324959412,"LIHC"
"22fc2b56-fe94-4b09-ae7d-37d463b3995d.rna_seq.augmented_star_gene_counts.counts",5.77020085101345,10.35355919808,7.31211119416776,8.78934239164116,"Healthy"
"26e93a7e-353d-4774-aa61-34b0737ba6c6.rna_seq.augmented_star_gene_counts.counts",9.51906480320911,12.6666514698574,11.1544153163368,6.25463575784068,"LIHC"
"03ca605c-a693-44da-86b9-4f48c2649839.rna_seq.augmented_star_gene_counts.counts",9.0581436034643,11.3689345385787,10.3421083007739,6.59865054885173,"LIHC"
"3a390e78-ce52-4743-898c-8c529b342cad.rna_seq.augmented_star_gene_counts.counts",9.44774250059991,11.6726487032768,11.0066352886569,6.38640499989534,"LIHC"
"d3a93bb2-1aeb-4deb-8224-d9a1dbda390b.rna_seq.augmented_star_gene_counts.counts",9.4491987882351,12.4839795603635,9.98886307610386,6.96877629751594,"LIHC"
"cb7b4121-6ee7-4e8f-8efc-6651bd5bdf3f.rna_seq.augmented_star_gene_counts.counts",9.06643642235233,12.0396503174564,10.4256661456946,6.35229046908422,"LIHC"
"9a0d0189-b66e-461b-b0b6-8563cffb8813.rna_seq.augmented_star_gene_counts.counts",10.0620066612104,12.4360766592719,11.8160365099921,6.76409303129372,"LIHC"
"c5ac862b-ef1c-4299-9afb-99d5f0e52fdc.rna_seq.augmented_star_gene_counts.counts",9.44252003620448,12.1970124215647,12.5567337846049,5.62442801261838,"LIHC"
"f5092ee7-2656-4aa5-b0c3-884aadb9dbf8.rna_seq.augmented_star_gene_counts.counts",9.71259762602165,12.16827951905,10.3320660976816,6.39305905288667,"LIHC"
"4af0c3f7-7742-448d-992a-8f4b7ad226b7.rna_seq.augmented_star_gene_counts.counts",9.84745040969023,12.1735747029626,10.812306052949,5.76124522464651,"LIHC"
"2cdf0703-60ea-4ffb-aa2f-808a40d4815a.rna_seq.augmented_star_gene_counts.counts",9.2993990698441,12.1711226367551,11.049830835896,5.45025325176588,"LIHC"
"45be9c1e-b486-4657-8446-0aa69d88bf90.rna_seq.augmented_star_gene_counts.counts",9.21238731681982,12.3221081692166,9.77778830528907,5.30953895627865,"LIHC"
"7f812fa1-53dc-4ebe-97b3-9b633af148ce.rna_seq.augmented_star_gene_counts.counts",9.12373764034653,12.3497787597689,11.3455249309853,5.83593881056156,"LIHC"
"81811a46-64f2-48ab-bfd4-1a4f9e4d5554.rna_seq.augmented_star_gene_counts.counts",9.36626524628917,13.0137131941367,11.5226085931712,4.52173084963549,"LIHC"
"ee85234b-dd0c-4700-b245-f00055f004b6.rna_seq.augmented_star_gene_counts.counts",8.60539188368434,12.959818543724,10.6642185921506,5.74932965760704,"LIHC"
"cdb21b35-6884-40a4-b66d-2275eb5ca0a1.rna_seq.augmented_star_gene_counts.counts",9.13257799987813,11.6313313115088,10.489980414277,5.95770478661688,"LIHC"
"d822f9c0-f1e2-4a2e-9636-f520806e6ce5.rna_seq.augmented_star_gene_counts.counts",6.39993008669496,9.42712728173275,6.22109986285472,8.12828644060814,"Healthy"
"d4db8178-db27-4b1c-8cf9-018420a91335.rna_seq.augmented_star_gene_counts.counts",9.97105261612725,12.3654596371851,10.5363752451021,5.60509336648396,"LIHC"
"209d1c0d-246c-4981-8ec5-ba5c71f61340.rna_seq.augmented_star_gene_counts.counts",9.78309565562649,12.6767185782114,10.0280267870421,6.09116200594857,"LIHC"
"47fc6e7f-fc2b-496d-b8d9-49a4b4cbc92d.rna_seq.augmented_star_gene_counts.counts",10.537351504873,12.8433892222482,10.6963134284607,6.00812394021907,"LIHC"
"5e8476a1-5aa4-48d6-b4a8-d76e52a18d43.rna_seq.augmented_star_gene_counts.counts",9.8745443625697,12.2593008109452,11.0326236907254,7.20448299507918,"LIHC"
"a5aab9e0-f114-4f42-b36e-5f1bdc49f128.rna_seq.augmented_star_gene_counts.counts",8.96920459169721,9.763814861986,8.96257233360995,8.77484800507663,"Healthy"
"7e019662-154e-4eca-b85c-ac01411fabea.rna_seq.augmented_star_gene_counts.counts",8.94961076482142,12.7244680673198,11.3907896557802,5.63890823820128,"LIHC"
"69044cff-0eaa-4acc-a163-4b9ab15a7595.rna_seq.augmented_star_gene_counts.counts",9.54110926364364,12.492538117019,10.4499612552,5.44370300859771,"LIHC"
"3664c072-bf3f-42ac-9927-89b15993c72e.rna_seq.augmented_star_gene_counts.counts",9.00811174669709,12.1510665216831,10.5744096373871,5.2284482578348,"LIHC"
"b2dfe637-d3a5-4400-88db-5d60f0a167d5.rna_seq.augmented_star_gene_counts.counts",9.83501057817835,11.1513415928641,10.6412629143933,5.36548059614408,"LIHC"
"79b50c00-e9f0-4be7-9cc4-b798a9f75702.rna_seq.augmented_star_gene_counts.counts",9.32276197803069,12.2513543219407,11.0201162009306,5.30828214663202,"LIHC"
"fda7f242-9bc2-477e-8603-8495d2e9f225.rna_seq.augmented_star_gene_counts.counts",8.84806013560335,11.910480925481,9.80303915132495,6.25545448650823,"LIHC"
"55bda25f-fb6d-461e-a4c7-4e834eafeca4.rna_seq.augmented_star_gene_counts.counts",9.9560268143473,11.9829397619972,9.42967521876087,6.41911339734513,"LIHC"
"ba056a7d-5370-4fe9-af1e-2e3de42e205f.rna_seq.augmented_star_gene_counts.counts",9.35236810913642,11.7170677563531,9.87349794161602,5.79010481878071,"LIHC"
"2de83d09-9782-42f1-9434-8df1f3bab7fd.rna_seq.augmented_star_gene_counts.counts",9.43509381913798,12.641604705286,9.81444126782393,6.00501884946443,"LIHC"
"5d220ed4-22c2-4ff1-b597-3822204d57e7.rna_seq.augmented_star_gene_counts.counts",10.0852515569649,11.9247212318464,10.2791240244524,5.57567575324692,"LIHC"
"28e28451-9c55-4f01-9ac1-fda75a6f828d.rna_seq.augmented_star_gene_counts.counts",7.48820217584874,10.0808270017999,8.93509369841512,7.67870611301821,"Healthy"
"ac4ec2c7-9dcb-4863-9e27-00dabfa7c747.rna_seq.augmented_star_gene_counts.counts",8.86848262044907,11.5327214554344,11.638043757891,6.77208966000834,"LIHC"
"22b6bbde-8db5-4df5-bf7c-1a626851e3f5.rna_seq.augmented_star_gene_counts.counts",9.24716175418925,12.3970877171354,10.3510491705129,6.05413198811632,"LIHC"
"c7c1bdcf-667e-497c-8167-6f84fa5a99e3.rna_seq.augmented_star_gene_counts.counts",9.66303897227397,11.8451848820697,10.7808172330265,6.49845425528209,"LIHC"
"9aa968ad-63fa-4db4-97b8-042cdbb6b459.rna_seq.augmented_star_gene_counts.counts",9.96850475906911,12.7484148267797,11.2864350419516,5.1850432436787,"LIHC"
"65cef856-5e89-4954-bf0c-532e188c1646.rna_seq.augmented_star_gene_counts.counts",9.56266782112397,12.9741201436905,11.3151144568299,5.77540355256595,"LIHC"
"3be93921-b171-44e3-a1d8-4da348948b56.rna_seq.augmented_star_gene_counts.counts",9.98988422151364,12.0004878542863,11.6925444732982,5.54820086566643,"LIHC"
"bff35005-41e0-4aa8-b423-083064236144.rna_seq.augmented_star_gene_counts.counts",8.75511630660423,12.0773686899208,10.5906870065937,6.8520070328901,"LIHC"
"4bc7214f-1bca-4656-a8de-34ea13dca500.rna_seq.augmented_star_gene_counts.counts",9.49311816211457,11.9137547467901,11.2358931165115,5.55964208963503,"LIHC"
"ae8b889d-e87c-4d8b-bb7f-edeb24ea9da1.rna_seq.augmented_star_gene_counts.counts",9.63925521512981,12.2292086558885,10.9807220525341,5.52479911996416,"LIHC"
"d93bb6e9-c535-4deb-9207-18a728f80c31.rna_seq.augmented_star_gene_counts.counts",9.56810996510494,12.0680634011867,10.5171989717766,6.1178496930893,"LIHC"
"6f2c61ef-9038-4d9c-a11e-0ad8e1938026.rna_seq.augmented_star_gene_counts.counts",9.71150765598656,12.5931599872341,10.9018129369334,5.97850214022959,"LIHC"
"4b5ffc48-de6c-4f22-92c8-8c41c821a37f.rna_seq.augmented_star_gene_counts.counts",9.50008006353436,12.1776154549465,10.2279299588916,5.69984131350091,"LIHC"
"be150892-6890-4414-9f4d-aeda4ee38708.rna_seq.augmented_star_gene_counts.counts",9.17471517232544,12.9096905372407,10.8743729376272,6.26914839304985,"LIHC"
"286b5e5d-29d0-4033-9f0b-2ae0cb3fa397.rna_seq.augmented_star_gene_counts.counts",8.87976742309254,11.3134888531497,9.08523249510181,5.32538402561788,"LIHC"
"cc854324-a53b-46dd-88da-42c90e73ec4a.rna_seq.augmented_star_gene_counts.counts",9.94798881636896,12.2585799382939,9.84179856775433,6.06264115407646,"LIHC"
"414b9abf-8e4b-4d3a-b97d-34fb384b43d7.rna_seq.augmented_star_gene_counts.counts",6.82944757848546,9.71399814928627,10.0485259491768,6.58255677365245,"Healthy"
"78767f1f-fa6f-4d1a-beb7-a2c11381958e.rna_seq.augmented_star_gene_counts.counts",9.67215676239694,12.6149897521932,10.314249220667,6.38710243594807,"LIHC"
"a2cbad43-f7a6-4018-995f-82b22aa6fc8b.rna_seq.augmented_star_gene_counts.counts",8.2308366313009,11.3286434877739,6.74971692373749,8.70673978414752,"Healthy"
"e92a1abd-e8c0-4591-ae3f-4679af48275e.rna_seq.augmented_star_gene_counts.counts",9.48964519886018,13.077091285435,9.76695282226821,4.97289090835889,"LIHC"
"4044408b-0b42-407b-9ea3-bab66dedb545.rna_seq.augmented_star_gene_counts.counts",7.59227130903822,11.5488168919521,8.8226848601065,7.58662041790344,"Healthy"
"06df9723-9ae2-49ff-bd42-e8826faa096e.rna_seq.augmented_star_gene_counts.counts",9.32465229079389,12.3362604531938,11.990043538138,5.5677029313622,"LIHC"
"ee667570-d3c6-4906-980d-5ff7a66f521d.rna_seq.augmented_star_gene_counts.counts",9.77927234350921,11.7952134401372,10.8275615194858,6.10841825788546,"LIHC"
"b5f97bc7-e5cb-4ec7-9e39-4a51bdc36b0d.rna_seq.augmented_star_gene_counts.counts",9.29069890774717,12.1993333433616,10.8093392014992,5.78108019701609,"LIHC"
"26ef8329-84d1-4510-93a7-82c42895e1a3.rna_seq.augmented_star_gene_counts.counts",8.95168478931553,12.4961106443704,11.5476803282539,5.99214254373802,"LIHC"
"a536b1b0-d13a-4e5d-897f-9b8ba38597f9.rna_seq.augmented_star_gene_counts.counts",10.1456546892627,12.5258790616604,10.2837245039398,5.97685878231023,"LIHC"
"b9dea4f2-2847-496f-a08e-5253c9ea6743.rna_seq.augmented_star_gene_counts.counts",9.36483000619553,12.3322140447483,10.7145456888461,5.83604944086489,"LIHC"
"7db97dea-5d1e-4a8a-be9c-4e0ab324c4ae.rna_seq.augmented_star_gene_counts.counts",9.87622939449598,11.7738226397486,10.9023980843295,6.30439862899924,"LIHC"
"87eca9a7-8eb9-43e0-b814-4743ed4f3526.rna_seq.augmented_star_gene_counts.counts",7.4869400615832,9.85526258678994,8.06953598280536,6.68135222552158,"Healthy"
"1a29d66d-8bda-44d8-9b7c-262d69825276.rna_seq.augmented_star_gene_counts.counts",9.35918675442939,12.4660510449475,10.8198616147005,5.00373320084401,"LIHC"
"dc7a905c-1ee0-40c4-94aa-5d5d6e604c51.rna_seq.augmented_star_gene_counts.counts",9.33043632948356,12.5127367719107,11.8405821964693,6.05038299589021,"LIHC"
"e5ec55da-630f-406e-b561-399fd081e43d.rna_seq.augmented_star_gene_counts.counts",9.0900562809095,7.70273525742496,8.84727539010536,7.42406912916264,"Healthy"
"96038519-51a9-4188-bc3c-5e5a4d219a77.rna_seq.augmented_star_gene_counts.counts",9.53330891114928,12.4080195654634,10.6462917116641,6.2185454842405,"LIHC"
"45b37332-1ac3-40bb-b167-44050d144917.rna_seq.augmented_star_gene_counts.counts",8.48464925066649,10.3554164064248,8.47572618702536,8.52003235114623,"Healthy"
"72134fea-d641-43dd-9580-ef3ef06a5060.rna_seq.augmented_star_gene_counts.counts",9.92255901526777,12.5971490805306,10.007020484368,5.13450150112227,"LIHC"
"b0271a8a-4b7d-4689-98d3-1378840b485d.rna_seq.augmented_star_gene_counts.counts",6.72291646277295,9.33613947224545,8.77536107536918,7.02342523698565,"Healthy"
"17692fc8-9ad4-4751-b389-707f12d1b357.rna_seq.augmented_star_gene_counts.counts",9.28675649690075,11.8590761226261,10.767643718743,6.43340900447146,"LIHC"
"a738f130-d151-463b-9889-2d379ebe52d2.rna_seq.augmented_star_gene_counts.counts",7.71394950023964,8.68840615279324,6.84427354924734,9.75356030701177,"Healthy"
"402a5fcc-3fd0-4061-93e7-1565bdc84a99.rna_seq.augmented_star_gene_counts.counts",10.2235481319065,11.8134504035361,10.8289783092603,6.49966540602088,"LIHC"
"303bf92c-c5f7-47b7-8f75-753d7322bee7.rna_seq.augmented_star_gene_counts.counts",10.0222219946466,12.3510933865114,10.0073364990313,6.7264858713564,"LIHC"
"d17659bf-fc02-4c26-bb3c-206fc71e644d.rna_seq.augmented_star_gene_counts.counts",9.54552142812955,12.4666364721798,10.0449956007394,6.23140468957536,"LIHC"
"c54c553f-7024-4425-b489-dd959bee3e62.rna_seq.augmented_star_gene_counts.counts",7.22107187949766,8.84183467551488,8.12252600624622,8.43931535971248,"Healthy"
"717793cb-c840-4f7c-850d-cb80edb1b6b7.rna_seq.augmented_star_gene_counts.counts",9.42931593942827,12.0107036264084,11.854558454596,6.62069884218494,"LIHC"
"7f594a3e-81f0-4181-a8cc-270e30a1cc11.rna_seq.augmented_star_gene_counts.counts",9.335624966623,12.0323296610881,11.1928166385314,5.71866371179103,"LIHC"
"1aebba5f-9fb7-4c40-ade6-7dc6c2960d63.rna_seq.augmented_star_gene_counts.counts",8.97032701474047,12.8600794005031,9.59696828150616,5.8333995843108,"LIHC"
"aa678196-590c-4fdd-beab-0a1a1942c5b0.rna_seq.augmented_star_gene_counts.counts",9.70607285813374,13.0024705379955,10.471366672059,6.69296657306511,"LIHC"
"d0b863c1-59d4-456d-a408-6db40db6c06b.rna_seq.augmented_star_gene_counts.counts",9.44449530297564,12.4204801564712,10.7449474320166,6.34178243867729,"LIHC"
"d57a7480-e0ce-416b-8db1-d09302cc0d89.rna_seq.augmented_star_gene_counts.counts",7.79041712341698,8.96083645652051,8.92700533296325,9.51565267074569,"Healthy"
"8b6bb4a3-2bd0-4221-a4d7-9641c24b0681.rna_seq.augmented_star_gene_counts.counts",9.50287887353332,10.9455352374481,9.56629648182324,6.95546513575486,"LIHC"
"14e1be2c-29eb-4d35-b813-c29d85b096c4.rna_seq.augmented_star_gene_counts.counts",10.4915645912152,12.7194068310689,10.6466674483364,6.71323076913225,"LIHC"
"ebbdae1d-a199-4577-a73a-77e9c6a55a92.rna_seq.augmented_star_gene_counts.counts",6.24326305618509,10.053044347914,7.82145717271789,8.68956912786071,"Healthy"
"63bfa71f-f558-452b-8ff5-68d5bd25cf56.rna_seq.augmented_star_gene_counts.counts",9.73315519287663,12.4763924098,10.0088264547466,6.63592472054895,"LIHC"
"81d97d2b-4f2a-4f50-b37b-7ca91a1d19e9.rna_seq.augmented_star_gene_counts.counts",9.38978445048726,12.2501149274006,11.2123417988436,5.26329492718956,"LIHC"
"36508e6f-d4aa-48e6-8b63-8d11d20c4098.rna_seq.augmented_star_gene_counts.counts",9.8782433397754,12.2513938838188,10.4643719751015,6.91675319838424,"LIHC"
"6d45b3c6-aff6-4849-be65-6bdd64dc2002.rna_seq.augmented_star_gene_counts.counts",9.70454783412163,11.2112200560618,9.25353309407398,6.35528189415368,"LIHC"
"b496f33b-4f96-408d-9851-c5ccf57640c3.rna_seq.augmented_star_gene_counts.counts",10.5662412887094,12.7468483223468,11.0543358775548,5.11996724550226,"LIHC"
"5935a99a-35f6-49b8-a1b1-401f17c8ec0e.rna_seq.augmented_star_gene_counts.counts",10.4847577494887,12.4220797208527,11.1030991038851,3.40194268579575,"LIHC"
"9953447a-4d33-4a53-8395-4ac0fa67ed42.rna_seq.augmented_star_gene_counts.counts",9.50285980312294,12.1649144641895,10.9112314069946,4.58855756128084,"LIHC"
"871e5874-2343-46c5-a234-9017a7f29ca2.rna_seq.augmented_star_gene_counts.counts",9.50866519793861,12.2865689538186,10.1906027300635,6.06711993876743,"LIHC"
"27e73591-5670-489a-bafa-e4d8b34d74b7.rna_seq.augmented_star_gene_counts.counts",9.86604155775045,12.4752172063718,10.7916238074481,5.94034131057674,"LIHC"
"79c7fd6b-6178-4857-815f-84e0286cb439.rna_seq.augmented_star_gene_counts.counts",9.39811540620821,12.6535515502874,10.7270616511398,6.50508876876941,"LIHC"
"6e2e99b7-d686-4a88-867c-edbcc22acaed.rna_seq.augmented_star_gene_counts.counts",9.05221454347469,13.0002506144022,10.3714918310663,5.64326987066027,"LIHC"
"151ff5a0-f236-4b98-a57f-d75dbde755ab.rna_seq.augmented_star_gene_counts.counts",9.5982257503346,12.1488124532481,8.43336208172395,6.6427856371015,"LIHC"
"10616d35-3bf7-4468-8b42-4eb662d5981f.rna_seq.augmented_star_gene_counts.counts",9.68946959722424,13.5181650219001,10.8354364256604,6.67687356442331,"LIHC"
"a5c61ad6-de4c-4ca4-ad28-f8f9d55af906.rna_seq.augmented_star_gene_counts.counts",8.79834804888198,11.5661990425417,8.95121377635587,6.97158955864501,"LIHC"
"974d3345-ad1d-49c6-a55d-bbe364b5a44e.rna_seq.augmented_star_gene_counts.counts",9.2151540499102,12.0936467802001,10.8622308908028,5.97598460103841,"LIHC"
"8e3661d6-d095-490c-bc01-d8d7b3f23ed9.rna_seq.augmented_star_gene_counts.counts",9.61540803526872,12.2171857080538,10.2526834247101,6.26778378573919,"LIHC"
"c30fdec0-6bbc-4719-ad1e-ff1e15eae98e.rna_seq.augmented_star_gene_counts.counts",6.64342318282851,10.36426215399,7.74615925767753,8.27123160373236,"Healthy"
"d6cf34c3-a7ad-4dfd-92ee-b2b689515471.rna_seq.augmented_star_gene_counts.counts",9.28346026500307,12.461377120353,11.1476969425854,5.61212945671016,"LIHC"
"ce954e33-e1ab-4def-b5ef-82c58a6f0806.rna_seq.augmented_star_gene_counts.counts",9.34115237904543,12.685968218805,12.1516688759162,6.76061124248457,"LIHC"
"fc8cc23a-6b02-4a99-a6d7-5c01b85fa0d1.rna_seq.augmented_star_gene_counts.counts",9.44654873402926,12.3025025434653,9.91710773281395,6.12859215922828,"LIHC"
"a2289b57-3c34-4fec-a5c5-10bea95e30fb.rna_seq.augmented_star_gene_counts.counts",8.84511390807941,11.8478967446509,10.6538548393656,5.29052115019179,"LIHC"
"f68253ac-bbdb-46f8-9cba-fdea46828fc4.rna_seq.augmented_star_gene_counts.counts",10.0356035252081,12.6375706620575,10.0451540141386,6.39016606118809,"LIHC"
"5929f6bf-85f8-4b79-ae2d-c5cddf2a9ed1.rna_seq.augmented_star_gene_counts.counts",8.4170235364547,12.6541308821533,10.7767649884163,5.51075320159324,"LIHC"
"7519dae8-dfee-413d-995d-d005fdddb4b1.rna_seq.augmented_star_gene_counts.counts",9.95902785640265,11.0018982008377,11.4351134019792,5.59827412442765,"LIHC"
"bc0e3498-e86a-4629-aa6f-9d1003ae99b2.rna_seq.augmented_star_gene_counts.counts",9.62112340180719,12.7064399263138,9.88338131556295,5.45487484775359,"LIHC"
"4df97711-6ecf-483c-a2c7-4952c44a2b69.rna_seq.augmented_star_gene_counts.counts",8.13764502979501,11.7909061971537,8.36461066463284,6.35038844085974,"LIHC"
"b65237ee-e280-4414-90ca-6c9815801ba6.rna_seq.augmented_star_gene_counts.counts",9.76116833196976,12.2436184454987,10.6094751011852,6.62201255284838,"LIHC"
"77005fc3-4d4e-419e-93b1-9dfe6999f587.rna_seq.augmented_star_gene_counts.counts",9.54728693534735,12.3335965871252,10.3471953389554,6.28185789602622,"LIHC"
"9a15fd31-f487-4205-adcd-ceb6edd88ea8.rna_seq.augmented_star_gene_counts.counts",9.54062133334701,12.2493810745526,10.654799550989,6.15668372819585,"LIHC"
"1a7e9700-1994-4624-bfe9-e94f33ee3989.rna_seq.augmented_star_gene_counts.counts",9.5009870696017,12.0243044796166,10.8721958797742,6.9954130565141,"LIHC"
"8be7d2b4-3bf5-49a5-97fb-97bdb5c29295.rna_seq.augmented_star_gene_counts.counts",9.89478746122918,13.2951363896089,9.26769971173682,5.66966823724785,"LIHC"
"a582032e-2f32-48d5-a01c-fa21156c5a74.rna_seq.augmented_star_gene_counts.counts",9.55879870247702,12.5233916382797,10.0874841624297,6.79764211628764,"LIHC"
"ec3aac56-028a-4869-8d68-019a58774640.rna_seq.augmented_star_gene_counts.counts",9.60125544691203,12.6336022352446,10.2134010394659,5.90206543593014,"LIHC"
"a0a44a0c-be1a-4cfe-a305-9ce2d4cee68d.rna_seq.augmented_star_gene_counts.counts",9.02411749445123,12.2994285852749,10.7143334033008,3.95745101081482,"LIHC"
"00be7d10-fd2d-4483-a712-72f24846610f.rna_seq.augmented_star_gene_counts.counts",9.48261438716192,11.6882608333092,9.06691292827174,5.42904023431272,"LIHC"
"3b4e1fdc-dcc1-4616-93b5-0f44bee5c64d.rna_seq.augmented_star_gene_counts.counts",8.07121722794998,9.39269097003519,7.88417615238149,8.42919569866982,"Healthy"
"a877ebcc-8616-4dfd-b00b-bdd6f45d6371.rna_seq.augmented_star_gene_counts.counts",9.84240716137053,12.5800928401025,10.6920740199613,5.69584896524943,"LIHC"
"57d2ec02-2e8f-4ea4-8571-1c5f6078d554.rna_seq.augmented_star_gene_counts.counts",9.78826155473399,12.6174155388352,10.8922666148351,5.20632670766163,"LIHC"
"46622c50-de5b-4dde-a9c7-386d571817d8.rna_seq.augmented_star_gene_counts.counts",9.12430138956863,12.1833500209812,10.8696298038939,5.8858097334076,"LIHC"
"cfa3467d-9796-4c34-b2ca-9cda7a5d20dc.rna_seq.augmented_star_gene_counts.counts",6.36932266024846,11.198893559226,8.36653556169579,7.09279294678523,"Healthy"
"07ba0ffd-9a39-498d-b289-a8896d1c3caf.rna_seq.augmented_star_gene_counts.counts",8.53462366290881,12.4812488747967,10.2341582346082,5.43470529723308,"LIHC"
"734ed05f-459e-4cd4-8d1e-e9b2d89df3ea.rna_seq.augmented_star_gene_counts.counts",9.0780117882843,12.552779808077,10.3244937639246,6.27221878654279,"LIHC"
"bf424b14-03e8-43a3-a978-ff5fb436886c.rna_seq.augmented_star_gene_counts.counts",8.51964517599478,10.4202264887373,7.11754783795129,7.80154353654024,"Healthy"
"1b8a76cc-0a8b-422b-901e-2c1a45fb9486.rna_seq.augmented_star_gene_counts.counts",9.96342326992284,12.5553330950757,9.65186124849405,6.63142386124998,"LIHC"
"7ec25db7-c66d-4511-bc2e-3f2d32a0eac1.rna_seq.augmented_star_gene_counts.counts",10.1154889972475,12.382717783027,10.5094861203546,7.45734756600562,"LIHC"
"1f6baf69-b0e9-44e7-bb0a-0818adda7b09.rna_seq.augmented_star_gene_counts.counts",8.96644042505286,11.8298041845041,10.8844707384903,6.71837184085788,"LIHC"
"c1224885-8e33-45f5-a9ee-431c9b79fb9e.rna_seq.augmented_star_gene_counts.counts",9.33450909226076,12.4023445023401,10.6412881792825,5.92839968450699,"LIHC"
"7c1d65f0-c157-4502-a8ed-c88578d4eade.rna_seq.augmented_star_gene_counts.counts",9.42059089746899,12.7127477267324,10.8029410747476,6.28457306820002,"LIHC"
"d47d25be-4859-450a-a110-0e4bc7e2896b.rna_seq.augmented_star_gene_counts.counts",6.57299510898877,10.5380251518707,10.3903307148891,8.42629064070636,"Healthy"
"2dae2e49-314d-4a80-8699-7ccbe516e587.rna_seq.augmented_star_gene_counts.counts",9.89900442183936,12.6832651451247,11.1780978360361,7.37599804255383,"LIHC"
"71709b9d-4bb5-443c-89a6-863ddeea86ad.rna_seq.augmented_star_gene_counts.counts",8.64095310869027,12.0639576211373,10.7856209905824,5.66698071329455,"LIHC"
"00e08404-4c50-4a1a-9036-0f0dd3988db8.rna_seq.augmented_star_gene_counts.counts",9.1381805831267,11.5595798556778,9.2638173095819,6.39205200935497,"LIHC"
"b9a6d63c-70cc-46bd-becc-b595a2052194.rna_seq.augmented_star_gene_counts.counts",9.31990885672648,12.3850230016536,10.9971616865295,5.9004463280709,"LIHC"
"c4d509c2-687f-42f2-a5a9-f92eb054ca39.rna_seq.augmented_star_gene_counts.counts",7.2716678606293,10.9818526889032,8.26776170964214,9.55050233653707,"Healthy"
"c158ef97-e253-41f8-a9e1-dd55496ae910.rna_seq.augmented_star_gene_counts.counts",9.54350652388079,11.5023508643921,10.0351354583587,6.36061713743128,"LIHC"
"24809123-23ac-405c-b92f-0e9d21cc4dd8.rna_seq.augmented_star_gene_counts.counts",9.05715003414696,11.4848837397753,11.4768054988864,6.08630445233822,"LIHC"
"2406118f-a7ea-42f0-89b7-8a6344b826d8.rna_seq.augmented_star_gene_counts.counts",9.27206507070875,12.1060694080124,10.8791903616408,5.80046854906123,"LIHC"
"6250f43f-aa5e-4382-a359-e90c65d5aec6.rna_seq.augmented_star_gene_counts.counts",9.84493096452095,12.4325332174548,10.3773073014618,6.11246154537893,"LIHC"
"863ee447-1262-4d09-b98b-4f3a3976eaa5.rna_seq.augmented_star_gene_counts.counts",9.53475485732135,12.0981525869544,10.1642155422052,5.86650572557226,"LIHC"
"18b024b6-f991-4414-8d9b-4cc112d8ec38.rna_seq.augmented_star_gene_counts.counts",10.0310323793703,12.7334959556139,11.2006339646643,5.68240118063023,"LIHC"
"a21df824-3f31-4f4d-aed6-34cf0fe6c01f.rna_seq.augmented_star_gene_counts.counts",9.08841717707771,12.1025263297109,10.5262528467917,6.45206171777876,"LIHC"
"82ea8208-db0e-4f7c-ac6b-1b7b48e6d671.rna_seq.augmented_star_gene_counts.counts",9.363851323495,12.1013395321804,10.7359767300615,6.23713072158379,"LIHC"
"92385f19-0c30-4014-845b-cad864782b61.rna_seq.augmented_star_gene_counts.counts",6.45633635319831,10.0882815930776,10.1443843823655,7.18571675346838,"Healthy"
"1432142c-908d-46d7-9a2a-2597a0f00ae8.rna_seq.augmented_star_gene_counts.counts",7.90506628426528,9.6776775501156,6.99612675186476,8.5867365300359,"Healthy"
"c93de8da-4aa3-498e-83df-0ae6819b3d74.rna_seq.augmented_star_gene_counts.counts",9.72137973823738,12.0935702939611,10.9519308236343,6.50623404620814,"LIHC"
"96d07b9b-c31c-40cc-8e12-0748cafbf5cd.rna_seq.augmented_star_gene_counts.counts",9.21346047458536,14.452381678878,13.3110301772127,4.77555289835199,"LIHC"
"be4a42fc-e668-44f5-83aa-7976a664490f.rna_seq.augmented_star_gene_counts.counts",9.408520696619,12.865512097715,11.0401154159051,6.02674757274282,"LIHC"
"6cae08b5-33e9-4a0c-b399-3bc723f6e10f.rna_seq.augmented_star_gene_counts.counts",9.08991525192834,11.3701291854676,9.51361538319414,5.71037709869494,"LIHC"
"c9432a6e-4d79-4de2-8ffa-e3b05129f78f.rna_seq.augmented_star_gene_counts.counts",8.45226389842963,9.54176734416239,6.82089291827261,6.88020231508121,"Healthy"
"16d06971-fbf9-4b5f-b119-2816c48bcfb7.rna_seq.augmented_star_gene_counts.counts",10.111400985606,12.159895304066,11.3063029131535,7.23320328317609,"LIHC"
"4fa48eca-88fa-4f13-9bb8-5993c47cc5f3.rna_seq.augmented_star_gene_counts.counts",9.03666383848731,12.1677751879357,11.265418592499,4.98975415252658,"LIHC"
"e175cacf-8bb9-42a4-a68d-fef90e587e5b.rna_seq.augmented_star_gene_counts.counts",8.95533524086317,12.0083938203622,10.0570950309407,5.77324915344607,"LIHC"
"7b2357a2-e9de-43ae-9f42-11828bd27e7c.rna_seq.augmented_star_gene_counts.counts",9.66483226259496,12.3318547409918,10.9177797850811,6.13044453018985,"LIHC"
"8e3828b8-8928-4c23-bb86-3dac58b416ae.rna_seq.augmented_star_gene_counts.counts",9.6724367884543,12.724183258348,10.587011841077,7.39818507536815,"LIHC"
"2932aeb2-cb1f-43bd-abb2-701a0b9e2875.rna_seq.augmented_star_gene_counts.counts",9.9367309865048,13.1564002730086,10.0683753074123,5.84990146765212,"LIHC"
"6ff7be81-1c7d-4a49-b5ab-3b1c171d4f87.rna_seq.augmented_star_gene_counts.counts",9.51131155291542,13.0316670962449,9.25506380102698,5.18282654436732,"LIHC"
"c7228ad9-de8e-45c5-8e6d-e9151b848106.rna_seq.augmented_star_gene_counts.counts",9.30279726415353,12.3109040973231,9.77060727191043,5.45951132352529,"LIHC"
"09264879-4172-4297-a98a-32eade65d63b.rna_seq.augmented_star_gene_counts.counts",9.38730988837538,11.9307796107317,11.5605571276739,6.60606004413614,"LIHC"
"263a1bf6-1d33-4148-8c26-5607d03f8099.rna_seq.augmented_star_gene_counts.counts",9.63504367196454,12.5233927299308,9.73497438884537,6.65985921774741,"LIHC"
"caee412d-a4b7-4bb7-b32b-fc1ea37dae0d.rna_seq.augmented_star_gene_counts.counts",9.55652780067418,12.2243470425816,10.8946640268061,6.14420826626508,"LIHC"
"1dc8062e-ec15-4146-a586-112cf061e620.rna_seq.augmented_star_gene_counts.counts",9.31915557585532,12.5051564429744,10.0468737673218,5.05994274182127,"LIHC"
"8096a292-e2e5-4e8f-af7b-ce2e41a5544f.rna_seq.augmented_star_gene_counts.counts",11.3745557625377,12.7081540306224,9.15743655965656,5.6695101477124,"LIHC"
"8eb51333-09bf-4477-9725-355d65c72753.rna_seq.augmented_star_gene_counts.counts",10.2900284631563,12.0514141025972,8.75507223914621,6.04721349889906,"LIHC"
"26fcd293-38d7-47b5-9a9f-2f366cc3389d.rna_seq.augmented_star_gene_counts.counts",10.1595962810197,12.5204016554486,9.86869132399304,4.69134743248306,"LIHC"
"b2081f1a-e729-4120-8bbd-19a6cff35bd1.rna_seq.augmented_star_gene_counts.counts",9.19178528988211,12.3886692221168,9.7817981146655,6.61161842065472,"LIHC"
"bf31551a-22a7-4840-b734-748efb6301c4.rna_seq.augmented_star_gene_counts.counts",9.77280073494462,12.3735483221384,10.4980396743301,6.52471020707108,"LIHC"
"1d974cac-fb5e-4737-a6b0-d22d398fea59.rna_seq.augmented_star_gene_counts.counts",10.2123880242004,12.3682969668617,10.3536900058115,5.72730303560429,"LIHC"
"9f1e5b80-35f2-4e10-bd73-b031bb2401bd.rna_seq.augmented_star_gene_counts.counts",9.3091816163097,12.2683068331074,10.4343331623439,6.05817940478874,"LIHC"
"d40dc69d-6e72-488a-801f-fb5b1917b6c2.rna_seq.augmented_star_gene_counts.counts",9.52266604283763,12.1226631320581,9.75614385644949,6.71465223877142,"LIHC"
"72e8b0e1-ff24-4ecf-82d2-24b96b885521.rna_seq.augmented_star_gene_counts.counts",9.77587238142695,12.5374799308748,11.2637842417596,5.80565223620596,"LIHC"
"53cdad59-2abc-49cb-8757-ca9d1fee5c1c.rna_seq.augmented_star_gene_counts.counts",7.7438926793628,8.56901875544092,7.33719212207211,7.88442776201282,"Healthy"
"f478905e-87fd-42af-b39b-f2358f83dfed.rna_seq.augmented_star_gene_counts.counts",9.69827580397795,12.0330265662658,13.0606546036509,6.5386956129286,"LIHC"
"6ae3f7f6-2ee4-4d30-9263-2945905df4eb.rna_seq.augmented_star_gene_counts.counts",9.96120314867637,12.1346547682393,11.6389227213292,6.19626350100533,"LIHC"
"e743401a-0738-4fd6-92d9-019537582d76.rna_seq.augmented_star_gene_counts.counts",10.2083439792532,13.047849123026,10.6921951312141,5.67726755346479,"LIHC"
"0dac8c60-2d8f-46cd-b970-d0cd524374c7.rna_seq.augmented_star_gene_counts.counts",9.51772802080914,12.3320523928067,11.0126794579592,5.92564839268714,"LIHC"
"025b207d-8097-4c9d-856a-d404887f4bfb.rna_seq.augmented_star_gene_counts.counts",9.42168422216895,12.0899820247849,10.7791994641928,5.82667726360971,"LIHC"
"62b64fce-b9de-4151-bf56-d2ee50153e25.rna_seq.augmented_star_gene_counts.counts",10.0531871568321,11.8907763467535,10.2769188795709,5.98642580529702,"LIHC"
"0f370106-5023-4198-810b-63f84577269a.rna_seq.augmented_star_gene_counts.counts",7.18610355958477,9.59967795011199,8.24150440955897,7.62709274547157,"Healthy"
"4c58ac19-2c85-41c8-9a88-c5e6ac02e465.rna_seq.augmented_star_gene_counts.counts",9.36977531036528,13.2308044263638,10.0779121670958,6.04653850061883,"LIHC"
"a5b5b737-3f68-49a0-ac50-2884dbb90496.rna_seq.augmented_star_gene_counts.counts",9.55852461285206,12.1153322419997,10.4543174124423,7.07116495614272,"LIHC"
"8acd0b6c-f45d-432c-a78c-51690c3bc5fd.rna_seq.augmented_star_gene_counts.counts",9.31880162474119,12.1220847719031,10.2773607266377,6.10547294000589,"LIHC"
"39ea2fe7-54bb-4147-85fa-b022a034d063.rna_seq.augmented_star_gene_counts.counts",9.44224528318436,12.1129050639529,11.2434406156898,5.50307951246256,"LIHC"
"45209842-481c-487b-bc91-f3f2d0b8564d.rna_seq.augmented_star_gene_counts.counts",8.02802790154904,12.2790529730714,10.0704039910048,6.15299328988086,"LIHC"
"2a3e3e31-ec7e-42e3-b219-2bc84f3888ac.rna_seq.augmented_star_gene_counts.counts",9.61083240755311,12.7380737267662,9.7724985836093,7.67068050800096,"LIHC"
"33e23705-397c-4651-beea-254110c365e4.rna_seq.augmented_star_gene_counts.counts",9.42770589440896,13.4033069882769,10.0193306856496,5.81263003570768,"LIHC"
"6f8d77aa-5852-4467-8ef9-b7881294b969.rna_seq.augmented_star_gene_counts.counts",7.99838274469279,8.85282335387347,7.25057375274449,8.05815942543616,"Healthy"
"c6029ffa-9ef0-4ce1-84a9-aa42843826ff.rna_seq.augmented_star_gene_counts.counts",9.96038865231488,11.9514043301284,11.4365951640556,8.34798433198295,"LIHC"
"8463e3a8-18a2-42ea-8edc-3c0b78de1b40.rna_seq.augmented_star_gene_counts.counts",9.3227349486037,12.8144141238519,10.3996270071666,6.50586522558977,"LIHC"
"24b00ac1-73b7-4ac7-9628-4cd367af7c45.rna_seq.augmented_star_gene_counts.counts",9.83468027313253,11.6609587024564,9.86649051935057,5.44348859717335,"LIHC"
"495c8ae2-4d4d-49ac-9b0a-3081f02fd041.rna_seq.augmented_star_gene_counts.counts",9.64495334616741,12.4687852493683,10.7441163783165,5.7515309005142,"LIHC"
"e542fb86-0a49-4605-9c90-db135ab74bec.rna_seq.augmented_star_gene_counts.counts",9.41294690790548,12.5677031345536,10.2994716516032,6.14377292241453,"LIHC"
"2f237fc7-63d6-4043-8959-a4c8cf146834.rna_seq.augmented_star_gene_counts.counts",9.93554072497364,13.4710910564638,11.7549041530562,6.80807020864345,"LIHC"
"789c2a90-968b-4745-ad64-6dd7fe6463ff.rna_seq.augmented_star_gene_counts.counts",7.99491344600975,9.17840411695944,7.50670147225006,8.98556263313668,"Healthy"
"f45c520f-016e-4c29-8d84-2e985763ed0a.rna_seq.augmented_star_gene_counts.counts",10.3171799931646,11.4396970327738,11.0021476600878,6.19649238159402,"LIHC"
"c4a1b18b-b240-4a20-b1b0-f0b77542373a.rna_seq.augmented_star_gene_counts.counts",10.286134616567,12.0339141142183,8.62223481605182,6.59142854842114,"LIHC"
"4d017184-bc82-462e-8331-5f985205f201.rna_seq.augmented_star_gene_counts.counts",9.60985150232917,12.4506535631565,8.57163898159684,6.65742675508988,"LIHC"
"8d6ae71d-5622-4553-b992-c0c59c703e59.rna_seq.augmented_star_gene_counts.counts",9.94243594443672,13.5207990805775,10.4559455095082,5.59708462866413,"LIHC"
"4344c7ea-ef72-4e2a-b65c-99aa64f4a0b1.rna_seq.augmented_star_gene_counts.counts",9.49233303118618,12.8703659846657,10.5403361913438,5.62735524205972,"LIHC"
"0a20e4cc-47b1-4b2b-8dfa-43a8fa62d27d.rna_seq.augmented_star_gene_counts.counts",9.19019867559151,12.1750522435489,10.7145049969898,5.74084966769377,"LIHC"
"5b12ed1e-a3a3-48fc-bcb1-6527bc7e7af8.rna_seq.augmented_star_gene_counts.counts",9.14051694659258,12.1801613756951,11.1405742304363,6.30158916663335,"LIHC"
"7b901b84-6702-408f-95bc-d5b79ba58ffa.rna_seq.augmented_star_gene_counts.counts",9.40954730264446,12.0547454450918,9.87049081946974,6.43416089973365,"LIHC"
"26be3fb3-4d31-4707-8af2-e21220262bb3.rna_seq.augmented_star_gene_counts.counts",9.4509655996303,11.8686854700692,10.3016566297697,5.84427119032264,"LIHC"
"c169d445-fd3f-45b8-bdff-d91951609960.rna_seq.augmented_star_gene_counts.counts",9.89202384086789,13.4057782345493,11.073155246283,6.31677791748428,"LIHC"
"2d46de42-03df-475d-9255-d9fc26cfa234.rna_seq.augmented_star_gene_counts.counts",10.1781454990809,11.4775277946469,12.3955195963832,4.75443910593693,"LIHC"
"129a524f-97d3-4433-a63d-18e807af3f04.rna_seq.augmented_star_gene_counts.counts",9.55766182037623,12.460826659268,10.3161739797408,5.43483881687232,"LIHC"
"571cd609-a911-4617-95ae-f55ec2805067.rna_seq.augmented_star_gene_counts.counts",10.2708772839544,11.635955423497,9.51136308336859,4.86459788152113,"LIHC"
"bdf99841-cf6b-4544-823f-3e50d1fe04f1.rna_seq.augmented_star_gene_counts.counts",9.04000887736552,11.3560480207219,9.68632481874627,6.1694885612524,"LIHC"
"cc32ff5b-0c18-41b9-b1ca-e8d1eb3d7b84.rna_seq.augmented_star_gene_counts.counts",9.38074417193451,12.3255828323514,9.88940387444839,5.91289991886866,"LIHC"
"2d9df75d-2a82-4612-9910-2f9252129f61.rna_seq.augmented_star_gene_counts.counts",9.31489278639345,12.249501984655,10.0342046219699,6.18354097597613,"LIHC"
"e6c37259-ade1-42e8-8087-88e04862218c.rna_seq.augmented_star_gene_counts.counts",9.5950591418344,12.2617513922803,10.5959792052111,6.28188527973511,"LIHC"
"7b0ef66b-10f6-4e0f-bd72-0546fa26b6e1.rna_seq.augmented_star_gene_counts.counts",9.77388952275871,12.7844019353334,11.2278281683957,5.77087420889074,"LIHC"
"c8675707-b978-48d7-b510-186676ab831a.rna_seq.augmented_star_gene_counts.counts",10.023174728967,11.9268170653351,8.99527207643107,6.01955170140274,"LIHC"
"176a155c-064d-4c25-a355-430c20fb8804.rna_seq.augmented_star_gene_counts.counts",8.03239444378737,10.0937332835097,7.55423504994008,8.28416028750106,"Healthy"
"bedfc888-5d34-4fae-bc3c-13255bc47c2b.rna_seq.augmented_star_gene_counts.counts",9.54215783170097,12.1421679971318,11.0006998220215,5.29522592946078,"LIHC"
"9e28b00a-85df-4126-a619-cffc2d5abad2.rna_seq.augmented_star_gene_counts.counts",9.87022657573025,12.5543726896849,10.2173497487677,5.98217765357841,"LIHC"
"9b5248e9-4b02-4ffc-a3e2-242616d08ed2.rna_seq.augmented_star_gene_counts.counts",7.94250150382084,9.29737185998205,7.88182407626799,8.07628752424926,"Healthy"
"ad57a542-3089-47f7-8750-382adff65e97.rna_seq.augmented_star_gene_counts.counts",9.93404196094051,11.886102471797,9.52066421663845,9.5633532048386,"CHOL"
"4e457cc5-6522-4c2f-94cb-d33ae8aa3d2e.rna_seq.augmented_star_gene_counts.counts",9.9191725509762,11.9712025200771,10.1067367452055,7.6856124356397,"CHOL"
"75087f78-5000-45e1-865c-012940abcc9d.rna_seq.augmented_star_gene_counts.counts",9.95934981982792,12.199974022353,10.4460662160998,9.64215222863396,"CHOL"
"b88682b7-92b9-41fc-b645-bfd576e6e23f.rna_seq.augmented_star_gene_counts.counts",7.94345567496496,11.0727154545224,7.35170297072178,8.71945878053517,"Healthy"
"bdde6cf8-eb8c-4496-8cc1-85690aeb691a.rna_seq.augmented_star_gene_counts.counts",9.13575182433545,11.6070889773042,9.32121688418144,7.35940853203814,"CHOL"
"72f3ef25-59a6-45f2-b9ad-6b69b0825e21.rna_seq.augmented_star_gene_counts.counts",9.58613889445025,12.0539134322934,10.1900700505228,9.17292421943039,"CHOL"
"40538197-4671-4420-928e-7262cf452396.rna_seq.augmented_star_gene_counts.counts",9.49078022767116,11.8335674906452,10.0953783172685,7.97705926107554,"CHOL"
"6cc9a62a-29e8-4f3d-83d9-b971160edf20.rna_seq.augmented_star_gene_counts.counts",10.0131042851204,12.2572929969959,10.7526478682835,8.42079354661647,"CHOL"
"043fd1aa-cb19-42ad-b3e5-793e8875a1d6.rna_seq.augmented_star_gene_counts.counts",6.75530106801651,7.5872309227345,7.19439648041436,6.76499061791306,"Healthy"
"a9764a8b-1f76-4e17-a1c7-993c1be50b7c.rna_seq.augmented_star_gene_counts.counts",9.30147917520853,11.6744373174852,9.74716922298831,10.1875078609901,"CHOL"
"f03268b3-1162-49f0-8337-8b1ca3152204.rna_seq.augmented_star_gene_counts.counts",10.2123418317352,12.5794622312943,9.89043122875163,9.21813154667814,"CHOL"
"9dfbd970-1a94-413f-bdc2-a25c70b6005a.rna_seq.augmented_star_gene_counts.counts",10.0583953970663,11.5982015159189,9.31221940661962,8.2772015896914,"CHOL"
"1d984006-6c32-4950-a2d4-1cb8f7a263ba.rna_seq.augmented_star_gene_counts.counts",10.5144324053674,12.0132818975704,9.92881849964365,8.33158904675982,"CHOL"
"c89511e4-8607-41e8-81ed-f8abd86eff03.rna_seq.augmented_star_gene_counts.counts",9.81635233350242,11.7951365119395,10.2354898259443,8.29648655373764,"CHOL"
"49a701fb-7260-416b-8053-e580f7e3d35c.rna_seq.augmented_star_gene_counts.counts",10.6889382756937,11.3906794636401,8.17634411322405,8.39411813852889,"CHOL"
"682a7451-6f16-434d-ba4d-cf425efadf66.rna_seq.augmented_star_gene_counts.counts",5.92437808923518,10.8464628098162,8.39570797699499,8.24602908641522,"Healthy"
"bffbf81a-12b5-4e3b-9dbc-80d9d9a740f2.rna_seq.augmented_star_gene_counts.counts",10.3684515769072,12.049958931336,9.79771710224534,7.83711064099364,"CHOL"
"96344c38-4aa1-4e70-ad78-82aeb8313625.rna_seq.augmented_star_gene_counts.counts",6.80309514107852,10.1087372796898,8.9974418415308,8.76033219297224,"Healthy"
"f4ae8bda-0c4b-4141-b705-a6425bfe83ff.rna_seq.augmented_star_gene_counts.counts",10.1745912541299,11.9550844012767,9.47558875921562,7.62107745964817,"CHOL"
"a0fc3046-7dcb-4a50-ba75-2976522f83c2.rna_seq.augmented_star_gene_counts.counts",9.14689658038041,12.1699096066841,11.5054687749728,8.09979203638569,"CHOL"
"edb6e6ac-5199-445b-a9d6-c08ec61c9dea.rna_seq.augmented_star_gene_counts.counts",10.05472596441,10.7288569899749,11.4526246482538,6.6535866190848,"CHOL"
"d4a94f1e-79fb-4d8e-86d7-fdc383c95b49.rna_seq.augmented_star_gene_counts.counts",9.12407104703962,11.6618962855573,9.83360142339011,6.14678999068556,"CHOL"
